https://x.com/me/status/1,false
https://x.com/i/web/status/2067212128948232218,false
https://x.com/i/web/status/2067212085944029538,false
https://x.com/i/web/status/2067211968771956957,false
https://x.com/i/web/status/2067211379077988440,false
https://x.com/i/web/status/2067209541373079820,false
https://x.com/i/web/status/2067191356276031805,false
https://x.com/i/web/status/2067182079654130068,false
https://x.com/i/web/status/2067157024559768016,false
https://x.com/i/web/status/2067156788508537281,false
https://x.com/i/web/status/2067151827431293257,false
https://x.com/i/web/status/2067138242126680270,false
https://x.com/i/web/status/2067137885661217017,false
https://x.com/i/web/status/2067133537749213252,false
https://x.com/i/web/status/2066915044974027084,false
https://x.com/i/web/status/2066880933534249276,false
https://x.com/i/web/status/2066878071970443315,false
https://x.com/i/web/status/2066861707402563931,false
https://x.com/i/web/status/2066860299928453232,false
https://x.com/i/web/status/2066855565041566021,false
https://x.com/i/web/status/2066846429214093438,false
https://x.com/i/web/status/2065381056539217929,false
https://x.com/i/web/status/2065377789763551411,false
https://x.com/i/web/status/2065375950196346900,false
https://x.com/i/web/status/2065369206799876182,false
https://x.com/i/web/status/2065357038805213257,false
https://x.com/i/web/status/2065355823572713671,false
https://x.com/i/web/status/2065351767328539100,false
https://x.com/i/web/status/2065327862836559879,false
https://x.com/i/web/status/2065326241117257782,false
https://x.com/i/web/status/2038013653320962373,false
https://x.com/i/web/status/2037967083070222594,false
https://x.com/i/web/status/2037948355960025561,false
https://x.com/i/web/status/2037883200077201478,false
https://x.com/i/web/status/2037882233197895996,false
https://x.com/i/web/status/2037875886561628270,false
https://x.com/i/web/status/2037871362002321582,false
https://x.com/i/web/status/2037863679652151309,false
https://x.com/i/web/status/2037819554957513181,false
https://x.com/i/web/status/2037816681741869374,false
https://x.com/i/web/status/2037815809876050257,false
https://x.com/i/web/status/2037743940825170368,false
https://x.com/i/web/status/2037640710933860817,false
https://x.com/i/web/status/2037636638038172145,false
https://x.com/i/web/status/2037634905614565780,false
https://x.com/i/web/status/2037631286630629384,false
https://x.com/i/web/status/2037625261684850820,false
https://x.com/i/web/status/2037553527531229401,false
https://x.com/i/web/status/2037517455057129784,false
https://x.com/i/web/status/2037498236739453187,false
https://x.com/i/web/status/2037496815658942691,false
https://x.com/i/web/status/2037496281791119517,false
https://x.com/i/web/status/2037414991112921376,false
https://x.com/i/web/status/2037411898845466811,false
https://x.com/i/web/status/2037205411367940262,false
https://x.com/i/web/status/2037204176703222204,false
https://x.com/i/web/status/2037103237090672797,false
https://x.com/i/web/status/2037102956114227671,false
https://x.com/i/web/status/2037057777240101001,false
https://x.com/i/web/status/2037056842291892546,false
https://x.com/i/web/status/2036882103921430536,false
https://x.com/i/web/status/2036881493201498205,false
https://x.com/i/web/status/2036880600674558110,false
https://x.com/i/web/status/2036790250337415228,false
https://x.com/i/web/status/2036788997138072059,false
https://x.com/i/web/status/2036719545684050401,false
https://x.com/i/web/status/2036545817763258548,false
https://x.com/i/web/status/2036528957500088687,false
https://x.com/i/web/status/2036524484652347446,false
https://x.com/i/web/status/2036523662342316080,false
https://x.com/i/web/status/2036522119794667838,false
https://x.com/i/web/status/2036521774645469498,false
https://x.com/i/web/status/2036476034967609369,false
https://x.com/i/web/status/2036473324717375816,false
https://x.com/i/web/status/2036351126665052484,false
https://x.com/i/web/status/2036321867271725518,false
https://x.com/i/web/status/2036192509148213400,false
https://x.com/i/web/status/2036192275663823272,false
https://x.com/i/web/status/2036191451571212725,false
https://x.com/i/web/status/2036190667655799056,false
https://x.com/i/web/status/2036185155245596721,false
https://x.com/i/web/status/2036184992993202465,false
https://x.com/i/web/status/2036172243785372025,false
https://x.com/i/web/status/2036171741613937078,false
https://x.com/i/web/status/2036171099587629446,false
https://x.com/i/web/status/2036155234762805535,false
https://x.com/i/web/status/2036154896286724136,false
https://x.com/i/web/status/2036142374099849547,false
https://x.com/i/web/status/2036135339195089338,false
https://x.com/i/web/status/2036134680316043452,false
https://x.com/i/web/status/2036132118292488550,false
https://x.com/i/web/status/2036131391025336429,false
https://x.com/i/web/status/2036128551108293035,false
https://x.com/i/web/status/2036126504812245404,false
https://x.com/i/web/status/2036001216585457947,false
https://x.com/i/web/status/2035983591604113651,false
https://x.com/i/web/status/2035973198567653686,false
https://x.com/i/web/status/2035773327915037049,false
https://x.com/i/web/status/2035772391549276460,false
https://x.com/i/web/status/2035769602555126194,false
https://x.com/i/web/status/2035767079031255120,false
https://x.com/i/web/status/2035688370915971572,false
https://x.com/i/web/status/2035682858891628801,false
https://x.com/i/web/status/2035451795556769997,false
https://x.com/i/web/status/2035447266966692094,false
https://x.com/i/web/status/2035446760152117420,false
https://x.com/i/web/status/2035428598320914488,false
https://x.com/i/web/status/2035426331811291584,false
https://x.com/i/web/status/2035266307625550160,false
https://x.com/i/web/status/2035264609834131626,false
https://x.com/i/web/status/2035261633698701539,false
https://x.com/i/web/status/2035260614864437306,false
https://x.com/i/web/status/2035110846515249236,false
https://x.com/i/web/status/2035091627874623502,false
https://x.com/i/web/status/2034931982375743864,false
https://x.com/i/web/status/2034928553704239371,false
https://x.com/i/web/status/2034926874485289184,false
https://x.com/i/web/status/2034923101750718542,false
https://x.com/i/web/status/2034693893862646270,false
https://x.com/i/web/status/2034691170727501935,false
https://x.com/i/web/status/2034690799175119337,false
https://x.com/i/web/status/2034690447289766224,false
https://x.com/i/web/status/2034675102730633584,false
https://x.com/i/web/status/2034672898288374200,false
https://x.com/i/web/status/2034671745496740154,false
https://x.com/i/web/status/2034658519106957738,false
https://x.com/i/web/status/2034631177181565228,false
https://x.com/i/web/status/2034599289356231056,false
https://x.com/i/web/status/2034598533085475032,false
https://x.com/i/web/status/2034597569569931593,false
https://x.com/i/web/status/2034593579096576004,false
https://x.com/i/web/status/2034591227820015631,false
https://x.com/i/web/status/2034587132090630332,false
https://x.com/i/web/status/2034586954864669024,false
https://x.com/i/web/status/2034574202821398966,false
https://x.com/i/web/status/2034572484444639368,false
https://x.com/i/web/status/2034570129657270573,false
https://x.com/i/web/status/2034403666266918963,false
https://x.com/i/web/status/2065317775908680138,false
https://x.com/i/web/status/2065317437155803341,false
https://x.com/i/web/status/2065316867896455499,false
https://x.com/i/web/status/2065316737193513203,false
https://x.com/i/web/status/2065315122478829960,false
https://x.com/i/web/status/2065146864739971492,false
https://x.com/i/web/status/2065142903685411242,false
https://x.com/i/web/status/2065142428126883843,false
https://x.com/i/web/status/2065140408334663917,false
https://x.com/i/web/status/2065106900589428803,false
https://x.com/i/web/status/2065083791173906754,false
https://x.com/i/web/status/2065039673534157122,false
https://x.com/i/web/status/2034368147352940624,false
https://x.com/i/web/status/2034367843530101230,false
https://x.com/i/web/status/2034367211104551413,false
https://x.com/i/web/status/2034362972869464436,false
https://x.com/i/web/status/2034362018635915283,false
https://x.com/i/web/status/2034352383858188369,false
https://x.com/i/web/status/2034351372737339588,false
https://x.com/i/web/status/2034348334769377513,false
https://x.com/i/web/status/2034348209514955213,false
https://x.com/i/web/status/2034346916138377667,false
https://x.com/i/web/status/2034346315220500737,false
https://x.com/i/web/status/2034345107097350457,false
https://x.com/i/web/status/2034342609410228539,false
https://x.com/i/web/status/2034334129660010989,false
https://x.com/i/web/status/2034329362917453834,false
https://x.com/i/web/status/2034327374150402108,false
https://x.com/i/web/status/2034322696557756671,false
https://x.com/i/web/status/2034217438770798944,false
https://x.com/i/web/status/2034123693178175516,false
https://x.com/i/web/status/2034123414877634685,false
https://x.com/i/web/status/2034122684670308735,false
https://x.com/i/web/status/2034122414859149782,false
https://x.com/i/web/status/2033915478381297847,false
https://x.com/i/web/status/2033915186394931591,false
https://x.com/i/web/status/2033914609669689504,false
https://x.com/i/web/status/2033745951660138509,false
https://x.com/i/web/status/2033745310896283826,false
https://x.com/i/web/status/2033655538576150646,false
https://x.com/i/web/status/2033594811790307534,false
https://x.com/i/web/status/2033594278375547387,false
https://x.com/i/web/status/2033591917968044073,false
https://x.com/i/web/status/2033590156112867491,false
https://x.com/i/web/status/2033518253796946047,false
https://x.com/i/web/status/2033518165490033035,false
https://x.com/i/web/status/2033514860013662266,false
https://x.com/i/web/status/2033175404224135492,false
https://x.com/i/web/status/2033160320026353762,false
https://x.com/i/web/status/2033157443782414356,false
https://x.com/i/web/status/2033157193546060101,false
https://x.com/i/web/status/2033148877071609904,false
https://x.com/i/web/status/2033148375445459195,false
https://x.com/i/web/status/2032935600307794135,false
https://x.com/i/web/status/2032934714311332060,false
https://x.com/i/web/status/2032933624660562421,false
https://x.com/i/web/status/2032914473875304535,false
https://x.com/i/web/status/2032914164708978994,false
https://x.com/i/web/status/2032871927245627477,false
https://x.com/i/web/status/2032804263097667763,false
https://x.com/i/web/status/2032801522891784659,false
https://x.com/i/web/status/2032780401995907469,false
https://x.com/i/web/status/2032780250698899934,false
https://x.com/i/web/status/2032779657263583471,false
https://x.com/i/web/status/2032779008232817101,false
https://x.com/i/web/status/2032778495055548634,false
https://x.com/i/web/status/2032742278255567232,false
https://x.com/i/web/status/2032739734397542428,false
https://x.com/i/web/status/2032656754287235188,false
https://x.com/i/web/status/2032512488722378905,false
https://x.com/i/web/status/2032489847076581772,false
https://x.com/i/web/status/2032485895211765819,false
https://x.com/i/web/status/2032485050713809258,false
https://x.com/i/web/status/2032484673562063220,false
https://x.com/i/web/status/2032444147022393809,false
https://x.com/i/web/status/2032426405644918837,false
https://x.com/i/web/status/2032425040356974609,false
https://x.com/i/web/status/2032421994902204906,false
https://x.com/i/web/status/2032421506685259781,false
https://x.com/i/web/status/2032420665182077411,false
https://x.com/i/web/status/2032419332433568178,false
https://x.com/i/web/status/2032394448433242267,false
https://x.com/i/web/status/2032390272479277075,false
https://x.com/i/web/status/2032131962312220739,false
https://x.com/i/web/status/2032123502870790593,false
https://x.com/i/web/status/2031987906286325912,false
https://x.com/i/web/status/2031985525972693439,false
https://x.com/i/web/status/2031975130880995774,false
https://x.com/i/web/status/2031971016524607616,false
https://x.com/i/web/status/2031970243547942975,false
https://x.com/i/web/status/2031968836233158870,false
https://x.com/i/web/status/2031968094097215883,false
https://x.com/i/web/status/2031965919241527651,false
https://x.com/i/web/status/2031860960797892637,false
https://x.com/i/web/status/2031813598310265336,false
